Cultivo;Campaña;Semana;Zona;Siembra;CC_Malo (%);CC_Regular (%);CC_Normal (%);CC_Bueno (%);CC_Excelente (%);CH_Sequia (%);CH_Regular (%);CH_Adecuada (%);CH_Óptima (%);CH_Excesos (%);Expasión foliar (%);Panojamiento (%);Floración Femenina (%);Grano Pastoso (%);Madurez Fisiológica (%);Cosecha (%)
Maiz;2018/19;30;TOTAL;100;0.396993394;3.272.411.839;4.409.311.413;4.427.252.832;7.964.952.314;0;0.221057004;4.549.251.026;5.142.430.045;2.862.132.289;100;100;100;100;100;6.859.166.435
Maiz;2018/19;29;TOTAL;100;0.190751474;3.293.888.003;4.317.434.774;4.510.379.907;8.237.213.712;0;0.207997485;4.522.951.458;5.154.449.186;3.017.996.067;100;100;100;100;100;6.104.119.906
Maiz;2018/19;28;TOTAL;100;0.186521779;3.419.034.625;4.200.054.856;4.567.684.765;8.717.047.393;0;0.122801443;446.130.658;5.198.944.442;3.274.688.336;100;100;100;100;100;5.312.225.081
Maiz;2018/19;27;TOTAL;100;0.190788503;3.727.225.255;4.196.129.052;4.524.737.789;8.873.317.827;0;0.210488143;4.020.389.661;5.429.017.051;5.295.444.739;100;100;100;100;100;4.930.613.582
Maiz;2018/19;26;TOTAL;100;0.187382176;3.427.205.708;4.086.438.957;4.663.169.083;8.889.331.711;0;0.221796103;4.037.073.211;543.395.763;5.067.895.481;100;100;100;100;100;4.599.811.595
Maiz;2018/19;25;TOTAL;100;0.185668555;315.887.053;4.125.260.656;464.922.332;8.910.621.148;0;0.323087806;3.934.677.818;5.555.029.664;4.629.785.579;100;100;100;100;100;44.151.547
Maiz;2018/19;24;TOTAL;100;0.178413595;2.898.803.026;4.112.399.305;464.401.497;9.358.640.628;0;0.554663044;385.925.306;5.153.906.594;3.759.999.342;100;100;100;100;100;4.227.637.974
Maiz;2018/19;23;TOTAL;100;0.002627905;2.818.230.231;4.138.086.963;467.867.874;9.015.875.877;0.029076299;1.457.706.299;4.369.646.807;5.073.418.754;4.083.018.691;100;100;100;100;99;3.934.094.161
Maiz;2018/19;22;TOTAL;100;1.023.360.933;5.101.887.043;4.262.890.917;408.453.752;1.040.046.766;0;3.049.919.502;3.643.523.723;520.290.281;8.485.815.168;100;100;100;100;97;3.741.596.162
Maiz;2018/19;21;TOTAL;100;0.853275292;5.686.057.271;4.374.261.566;3.914.924.217;1.056.880.961;0;3.804.002.247;3.755.672.382;4.889.300.476;9.746.269.172;100;100;100;100;93;3.608.963.808
Maiz;2018/19;20;TOTAL;100;1.137.011.524;5.582.970.435;456.133.745;3.794.454.601;9.722.589.159;0.102982765;3.714.564.398;3.504.826.428;5.174.866.881;9.385.519.301;100;100;100;100;88;3.395.657.826
Maiz;2018/19;19;TOTAL;100;1.449.549.911;7.310.343.617;4.227.496.378;3.813.014.135;1.083.500.135;0.861186751;5.989.623.214;3.747.591.087;4.447.575.768;1.119.752.149;100;100;100;100;82;3.218.473.216
Maiz;2018/19;18;TOTAL;100;0.232737704;6.476.248.022;4.371.038.031;3.789.959.971;1.168.218.345;0.976035841;6.589.800.227;4.099.955.422;4.408.785.777;7.346.751.683;100;100;100;100;73;3.088.843.292
Maiz;2018/19;17;TOTAL;100;0.419406033;4.711.509.063;3.502.518.825;4.029.364.986;1.955.024.679;1.490.997.582;1.275.891.747;4.571.941.285;3.174.056.118;8.290.110.913;100;100;100;99;64;2.806.145.168
Maiz;2018/19;16;TOTAL;100;0.690731119;7.609.201.135;3.656.720.798;3.997.585.727;151.570.025;0.690807035;1.353.638.265;5.190.153.017;3.225.943.246;1.611.847.684;100;100;100;99;50;2.330.610.053
Maiz;2018/19;15;TOTAL;100;1.264.592.226;8.860.203.342;372.813.723;3.957.995.395;1.301.387.818;1.198.644.182;1.809.875.452;5.015.310.446;2.869.285.818;1.902.903.294;100;100;100;97;44;2.123.652.987
Maiz;2018/19;14;TOTAL;100;1.874.517.772;8.215.430.332;3.658.566.173;3.908.445.951;1.423.993.066;1.161.212.808;1.474.618.851;4.902.064.816;305.340.713;453.787.922;100;100;99;95;39;172.247.951
Maiz;2018/19;13;TOTAL;100;105.655.782;8.311.068.501;3.714.198.226;3.941.647.721;140.739.142;0.794377528;1.550.443.654;5.634.841.389;2.683.861.082;0.514161224;100;99;98;87;36;1.223.975.567
Maiz;2018/19;12;TOTAL;100;1.175.363.994;8.034.262.746;3.546.775.589;4.021.024.099;1.511.237.638;0.444269111;1.045.009.811;4.618.078.663;4.008.137.226;2.843.473.897;100;98;97;79;34;8.461.850.965
Maiz;2018/19;11;TOTAL;100;1.400.741.379;7.945.568.966;3.436.693.103;4.120.874.138;1.507.801.724;1.662.586.207;1.160.303.448;4.601.688.793;3.808.100.862;2.636.482.759;100;97;94;67;32;6.417.940.085
Maiz;2018/19;10;TOTAL;100;1.132.862.069;8.391.077.586;3.505.816.379;4.138.388.793;1.403.400.862;0.297413793;1.344.283.621;5.818.082.759;254.072.069;2.671.715.517;100;93;88;56;29;4.120.972.967
Maiz;2018/19;9;TOTAL;100;1.350.077.586;8.546.094.828;3.430.164.655;4.181.075;1.400.050.862;3.103.344.828;2.077.953.448;4.877.949.138;2.540.243.966;1.935.189.655;100;86;75;45;24;0
Maiz;2018/19;8;TOTAL;100;1.473.491.379;8.051.362.069;3.361.531.034;4.319.417.241;1.366.566.379;5.679.732.759;3.436.847.414;4.191.176.724;1.592.088.793;2.119.137.931;99;73;63;39;18;0
Maiz;2018/19;7;TOTAL;100;0.826277679;6.354.718.194;3.225.591.503;4.437.993.153;1.618.315.757;1.308.909.046;1.462.432.425;4.677.838.937;3.240.689.916;4.881.478.171;98;61;52;34;11;0
Maiz;2018/19;6;TOTAL;98;0.546771901;5.429.823.491;3.432.053.584;4.480.434.815;1.489.852.062;0.375162105;6.686.135.386;4.430.940.864;4.152.260.253;7.106.691.333;94;51;43;33;7;0
Maiz;2018/19;5;TOTAL;97;0.424990695;5.323.595.674;3.382.678.803;4.107.992.207;1.934.470.353;0.175245816;4.432.668.385;3.928.354.737;4.499.560.283;111.129.356;89;43;37;28;4;0
Maiz;2018/19;4;TOTAL;93;0.456736829;4.116.147.419;3.702.939.427;4.457.089.501;1.382.682.648;0.182935671;3.372.300.119;4.238.000.424;4.573.596.843;8.328.791.546;83;38;35;25;2;0
Maiz;2018/19;3;TOTAL;86;0.345756195;4.490.524.339;3.990.188.104;4.470.979.105;1.055.204.737;0.113956925;3.768.762.407;4.321.340.577;4.289.712.029;1.000.675.461;78;36;34;21;2;0
Maiz;2018/19;2;TOTAL;86;0.433998116;5.510.007.576;4.298.007.472;4.296.773.001;8.108.189.573;0.040353372;9.222.208.867;4.967.196.281;3.475.367.189;6.311.803.061;72;34;32;18;1;0
Maiz;2018/19;1;TOTAL;83;0.642021785;5.681.027.735;459.100.294;4.175.162.824;6.015.292.834;1.313.232.632;1.775.501.345;4.983.635.323;2.651.340.689;458.199.379;56;32;28;15;0;0
Maiz;2018/19;52;TOTAL;73;0.775679951;6.920.162.384;4.768.769.454;389.498.847;5.666.578.419;1.137.795.458;1.806.654.987;5.535.418.523;2.281.082.209;2.630.647.365;48;28;22;11;0;0
Maiz;2018/19;51;TOTAL;60;0.992484885;802.282.932;4.623.249.676;3.943.793.469;5.314.254.344;0.788281269;1.625.387.683;5.133.182.337;2.525.824.242;6.367.776.115;41;21;16;4;0;0
Maiz;2018/19;50;TOTAL;47;0.919829356;8.763.497.679;4.363.464.556;4.061.322.351;6.068.803.896;0.945378198;177.912.389;5.514.963.534;2.278.199.625;3.331.751.312;37;14;9;1;0;0
Maiz;2018/19;49;TOTAL;41;0.790452143;7.738.761.013;41.912.403;4.143.653.107;8.121.852.782;0.441319435;1.240.826.993;5.350.600.622;3.019.548.865;3.448.915.763;36;9;5;1;0;0
Maiz;2018/19;48;TOTAL;38;0.725266531;821.482.685;4.461.115.629;3.904.946.806;7.399.282.262;0.064916945;1.123.426.226;4.920.655.512;3.285.045.277;6.643.812.897;36;4;2;0;0;0
Maiz;2018/19;47;TOTAL;37;0.725266531;821.482.685;4.461.115.629;3.904.946.806;7.399.282.262;0.064916945;1.123.426.226;4.920.655.512;3.285.045.277;6.643.812.897;35;1;0;0;0;0
Maiz;2018/19;46;TOTAL;36;1.594.299.411;121.999.757;4.747.789.431;3.334.004.946;5.387.781.116;0;3.010.102.189;3.847.366.521;2.989.347.408;2.862.275.852;34;0;0;0;0;0
Maiz;2018/19;45;TOTAL;36;1.270.610.849;1.373.330.994;4.835.720.566;318.658.894;4.772.984.141;0.724968125;198.548.303;5.968.154.142;170.979.042;2.640.755.952;33;0;0;0;0;0
Maiz;2018/19;44;TOTAL;35;1.788.320.752;1.618.056.292;4.853.336.865;2.954.071.122;3.957.036.457;0.919963152;2.661.248.416;5.376.441.517;1.393.582.548;4.767.312.035;29;0;0;0;0;0
Maiz;2018/19;43;TOTAL;34;3.527.326.012;2.002.764.627;4.642.260.364;2.734.118.996;268.123.412;5.158.129.146;4.539.626.672;4.109.885.349;6.240.123.664;2.106.626.975;24;0;0;0;0;0
Maiz;2018/19;42;TOTAL;33;4.295.025.266;2.135.404.103;4.540.925.582;2.692.766.209;2.014.015.795;8.739.125.638;4.116.924.033;4.119.386.693;7.645.027.595;1.252.739.511;19;0;0;0;0;0
Maiz;2018/19;41;TOTAL;27;2.635.772.008;2.009.177.827;4.559.384.969;2.866.747.191;3.011.128.117;1.071.229.601;4.003.303.137;4.052.324.145;7.032.990.972;1.698.440.204;12;0;0;0;0;0
Maiz;2018/19;40;TOTAL;20;1.648.579.919;1.815.953.826;468.759.115;3.047.063.737;2.845.332.949;8.001.143.598;3.576.535.918;4.243.242.939;1.170.835.572;2.092.712.112;9;0;0;0;0;0
Maiz;2018/19;32;TOTAL;100;0.162268037;2.823.110.476;447.384.142;4.476.674.556;7.509.461.729;0;0.268872667;4.904.867.954;507.276.545;2.289.838.149;100;100;100;100;100;80.2
Maiz;2018/19;31;TOTAL;100;0.295867534;2.792.497.763;4.384.217.814;4.477.414.026;8.295.316.309;0;0.234651302;4.527.109.095;5.182.555.066;2.668.707.084;100;100;100;100;100;7.459.391.752
Maiz;2018/19;33;TOTAL;100;0.172502025;2.571.907.792;4.541.096.474;4.535.830.036;6.486.325.086;0;0.301160364;4.659.422.515;5.066.062.126;2.443.993.221;100;100;100;100;100;9.007.067.314
Maiz;2018/19;39;TOTAL;11;1.249.405.815;1.466.987.709;457.706.455;3.466.278.078;3.647.290.808;6.847.891.129;3.603.882.868;4.249.822.471;1.342.287.547;1.192.180.012;0;0;0;0;0;0
Maiz;2018/19;38;TOTAL;5;0.550294835;1.168.937.633;4.166.484.836;4.164.071.734;445.476.314;6.145.516.009;3.324.917.248;4.313.022.684;171.050.202;0.370064473;0;0;0;0;0;0
Maiz;2018/19;37;TOTAL;2;0;8.766.406.302;3.161.154.505;5.421.436.678;5.407.681.866;4.977.101.275;31.056.034;4.448.919.599;1.917.502.281;0.302645927;0;0;0;0;0;0
Maiz;2018/19;34;TOTAL;100;0.195071037;3.423.051.864;4.341.573.473;4.138.938.128;4.802.561.702;0;0.427834326;4.447.736.445;469.406.338;1.379.968.044;100;100;100;100;100;9.451.716.783
Maiz;2018/19;35;TOTAL;100;0.213610338;2.886.941.561;4.785.073.547;4.557.451.276;3.474.199.876;0;0.43692358;478.209.743;5.083.003.766;0.912064462;100;100;100;100;100;9.799.828.879
Maiz;2018/19;36;TOTAL;100;0.213610338;2.886.941.561;4.785.073.547;4.557.451.276;3.474.199.876;0;0.43692358;478.209.743;5.083.003.766;0.912064462;100;100;100;100;100;100
Maiz;2019/20;32;TOTAL;100;0;6.200.966.269;6.370.812.512;3.009.090.861;0;0;0;4.909.248.247;4.918.131.717;1.726.200.365;100;100;100;100;100;100
Maiz;2019/20;31;TOTAL;100;0;6.200.966.269;6.370.812.512;3.009.090.861;0;0;0;4.909.248.247;4.918.131.717;1.726.200.365;100;100;100;100;100;9.737.281.944
Maiz;2019/20;30;TOTAL;100;0;6.736.566.379;628.244.982;3.043.893.542;0;0;0;2.814.610.737;3.479.967.499;2.094.200.643;100;100;100;100;100;9.464.076.507
Maiz;2019/20;29;TOTAL;100;0;6.855.966.009;617.273.731;3.141.666.089;0;0;0;4.918.097.641;4.949.716.681;1.321.856.785;100;100;100;100;100;9.042.936.969
Maiz;2019/20;28;TOTAL;100;0;7.661.934.853;60.462.031;3.187.603.414;0;0;0.05677167;5.041.991.624;480.190.289;1.504.283.192;100;100;100;100;100;86.427.693
Maiz;2019/20;27;TOTAL;100;0;8.375.054.358;5.830.120.097;3.332.374.468;0;0;0.160194197;5.263.209.881;4.538.648.902;1.821.217.978;100;100;100;100;100;8.170.976.102
Maiz;2019/20;26;TOTAL;100;0;8.899.956.537;583.491.771;3.275.086.636;0;0;0.265835997;531.390.816;4.621.277.039;0.382312017;100;100;100;100;100;7.833.159.388
Maiz;2019/20;25;TOTAL;100;0.01216654;9.031.486.296;5.694.654.687;3.373.042.706;0.279373233;0;0.536341804;5.593.452.928;4.352.912.892;0;100;100;100;100;100;7.074.540.018
Maiz;2019/20;24;TOTAL;100;0.025222404;9.552.536.552;5.615.625.639;3.413.555.444;0.130430207;0;1.173.189.321;5.505.441.231;4.377.239.837;0;100;100;100;100;100;609.638.099
Maiz;2019/20;23;TOTAL;100;0.071151564;1.107.541.323;5.296.413.561;3.575.340.319;0.135896397;0;1.668.802.686;5.249.010.539;4.584.109.192;0;100;100;100;100;100;5.558.059.154
Maiz;2019/20;22;TOTAL;100;0.095441121;1.059.998.123;5.233.789.787;3.646.837.665;0.498303127;0;2.296.901.465;5.302.520.174;4.467.789.679;0;100;100;100;100;98;4.719.465.012
Maiz;2019/20;21;TOTAL;100;0.121116696;1.034.101.058;5.261.312.432;3.622.878.627;0.695962126;0;401.638.944;510.962.906;4.480.377;0.083549966;100;100;100;100;95;4.353.648.439
Maiz;2019/20;20;TOTAL;100;0.15019442;1.103.153.603;5.311.028.133;350.304.391;0.677549129;0;5.074.880.635;501.518.848;4.477.323.456;0;100;100;100;100;90;4.002.641.477
Maiz;2019/20;19;TOTAL;100;0.145702209;1.051.690.812;5.285.275.323;3.564.576.638;0.838870061;0;7.221.249.949;4.876.784.438;4.382.133.766;0.189568005;100;100;100;100;85;3.820.711.265
Maiz;2019/20;18;TOTAL;100;0.147393488;1.130.072.222;5.203.970.806;3.569.368.485;0.818491382;0;8.421.066.212;4.883.788.922;4.251.791.138;0.223133186;100;100;100;100;76;367.162.186
Maiz;2019/20;17;TOTAL;100;0.124904308;1.146.811.134;530.378.619;3.457.927.403;0.789823927;0;1.199.285.544;4.662.341.844;4.131.827.884;0.065422788;100;100;100;100;68;3.447.527.328
Maiz;2019/20;16;TOTAL;100;0.094636836;1.337.189.033;5.170.638.069;3.376.692.004;1.060.172.105;0;1.216.842.368;4.331.060.222;4.447.179.012;0.068967026;100;100;100;99;58;3.271.580.612
Maiz;2019/20;15;TOTAL;100;0.278478459;1.433.904.295;5.208.458.444;321.870.752;1.110.818.954;0;1.269.356.969;4.366.363.644;4.340.430.896;0.23848491;100;100;100;97;53;2.626.735.439
Maiz;2019/20;14;TOTAL;100;0.115180787;1.573.132.646;5.220.121.199;3.069.019.696;1.262.083.801;1.561.851.465;1.640.393.182;4.124.343.644;3.776.657.589;3.024.204.378;100;100;99;95;50;2.223.320.017
Maiz;2019/20;13;TOTAL;100;0.30865705;1.608.434.678;5.164.531.068;3.107.845.109;0.883234406;2.618.244.951;2.224.395.123;4.600.157.064;2.667.714.619;2.459.086.987;100;99;98;89;46;1.576.036.402
Maiz;2019/20;12;TOTAL;100;0.37602219;1.495.526.332;5.001.060.093;3.413.706.725;0.52104631;5.234.447.176;2.521.384.067;4.585.570.092;2.369.601.124;0;100;98;97;82;43;1.356.661.042
Maiz;2019/20;11;TOTAL;100;0.418329236;1.247.123.113;4.888.206.327;3.700.520.363;1.223.172.733;4.252.616.177;2.442.620.764;4.314.585.853;2.806.793.137;0.107386284;100;97;94;72;40;6.7
Maiz;2019/20;10;TOTAL;100;0.035243126;6.112.892.734;4.391.820.543;4.701.886.482;2.914.793.888;1.122.223.064;1.793.968.227;4.410.197.202;3.673.330.639;0.102816251;100;94;88;62;36;2.742.789.933
Maiz;2019/20;9;TOTAL;100;0.024291113;1.962.732.028;3.855.655.014;5.314.012.147;6.316.305.255;0;423.881.043;3.578.001.667;5.935.702.587;0.624147034;100;88;80;54;29;103.567.146
Maiz;2019/20;8;TOTAL;100;0;1.652.405.432;3.719.997.012;54.450.798;6.696.826.452;0;4.208.040.626;3.230.537.182;6.208.666.674;1.399.920.812;99;77;68;48;22;0.37423593
Maiz;2019/20;7;TOTAL;100;0;2.035.125.397;3.625.897.619;542.897.381;7.416.160.317;0.294674603;7.363.296.825;3.450.019.048;5.565.170.794;2.190.130.159;98;68;58;43;13;0
Maiz;2019/20;6;TOTAL;99;0;2.572.150.622;3.798.904.944;5.312.929.885;6.309.501.088;0;84.217.411;3.799.205.378;5.049.583.731;3.090.367.814;95;58;51;40;7;0
Maiz;2019/20;5;TOTAL;97;0.017014486;1.585.553.646;3.878.655.209;53.294.137;6.316.742.778;0.04594484;8.383.055.897;4.208.086.259;4.897.649.398;0.513642688;92;52;48;37;4;0
Maiz;2019/20;4;TOTAL;95;0;1.595.247.824;3.902.831.355;5.274.119.425;6.635.244.378;0.210303532;4.480.868.043;4.099.672.276;528.206.011;1.491.504.562;88;49;46;33;2;0
Maiz;2019/20;3;TOTAL;91;0.14397554;3.228.563.351;4.211.667.603;4.866.021.947;5.850.565.606;0.479525806;7.875.271.808;4.502.124.381;4.558.722.649;1.036.732.087;82;46;44;28;1;0
Maiz;2019/20;2;TOTAL;88;0.183809233;5.332.279.312;3.968.857.964;4.796.255.934;6.830.548.627;0.896534165;1.088.066.334;3.880.011.521;4.913.022.167;0.295478823;76;43;39;21;0;0
Maiz;2019/20;1;TOTAL;84;0.11935381;1.197.260.778;5.290.586.021;3.316.355.107;1.838.627.124;0.528844446;2.823.096.274;4.700.139.824;2.355.781.021;0.680984359;64;39;34;14;0;0
Maiz;2019/20;52;TOTAL;75;0.192387793;1.383.463.344;5.446.804.792;3.029.993.991;1.204.990.936;1.561.520.454;3.210.024.454;4.803.801.494;1.783.117.544;0.46904462;51;34;27;9;0;0
Maiz;2019/20;51;TOTAL;63;0.094958454;1.004.097.691;4.820.308.098;4.086.417.835;0.796805311;0.724643963;2.853.277.299;4.981.435.114;2.071.152.342;0.216708487;48;26;18;2;0;0
Maiz;2019/20;50;TOTAL;55;0;7.262.786.818;4.791.736.146;4.368.231.195;113.753.977;0.301177936;3.130.640.413;5.242.671.356;1.596.570.437;0;47;16;9;0;0;0
Maiz;2019/20;49;TOTAL;49;0;2.108.336.456;4.328.337.426;489.585.703;5.649.718.981;0;1.261.891.735;5.517.429.752;3.213.897.704;0.067808085;45;9;4;0;0;0
Maiz;2019/20;48;TOTAL;46;0;2.011.012.851;4.457.197.059;4.708.623.669;6.330.779.878;0;1.023.405.615;5.530.143.834;339.580.759;0.506429604;44;4;1;0;0;0
Maiz;2019/20;47;TOTAL;46;0.029353069;3.808.573.701;4.950.803.128;4.130.042.953;5.353.612.425;0.851515157;1.777.513.986;5.276.243.554;2.853.865.573;0.072253708;43;1;0;0;0;0
Maiz;2019/20;46;TOTAL;44;0.203728029;3.977.978.147;4.736.852.495;4.086.019.371;7.589.575.157;0.762622274;1.668.524.002;5.104.505.212;3.073.076.715;0.776318442;40;1;0;0;0;0
Maiz;2019/20;45;TOTAL;43;0;4.820.219.662;4.925.122.251;3.947.793.071;6.450.627.115;1.344.570.687;1.968.991.128;4.977.875.088;2.770.600.966;1.480.757.489;37;0;0;0;0;0
Maiz;2019/20;44;TOTAL;40;0;5.544.325.473;5.101.686.831;3.785.191.746;5.586.888.756;1.573.113.393;2.128.431.984;5.050.216.101;2.527.242.904;1.367.976.712;31;0;0;0;0;0
Maiz;2019/20;43;TOTAL;35;0;9.632.489.505;5.279.438.897;3.378.803.691;3.785.084.615;2.065.955.274;3.080.449.263;481.421.899;1.724.577.578;1.741.586.409;23;0;0;0;0;0
Maiz;2019/20;42;TOTAL;29;0;1.180.969.055;5.430.893.704;3.191.424.309;1.967.129.328;2.751.512.325;3.416.032.195;4.666.431.356;1.573.238.493;0.691467245;15;0;0;0;0;0
Maiz;2019/20;41;TOTAL;24;0;1.246.793.556;5.603.586.196;3.149.620.248;0;2.545.743.391;3.538.542.186;4.588.981.505;1.554.071.578;0.638303921;7;0;0;0;0;0
Maiz;2019/20;40;TOTAL;21;0;1.138.695.626;5.577.707.067;3.283.597.307;0;3.569.668.925;2.417.025.262;5.268.960.724;1.957.047.121;0;3;0;0;0;0;0
Maiz;2019/20;39;TOTAL;16;0;7.234.345.469;5.738.050.518;3.538.514.935;0;1.535.467.645;2.242.721.862;5.568.902.226;2.034.829.147;0;1;0;0;0;0;0
Maiz;2019/20;38;TOTAL;5;0;0;4.967.688.302;50;0.323116981;0;0;4.423.305.142;513.746.559;4.392.292.686;0;0;0;0;0;0
Maiz;2019/20;37;TOTAL;2;0;0;4.936.684.837;50;0.633151632;0;0;4.505.163.121;5.001.815.741;4.930.211.375;0;0;0;0;0;0
Maiz;2019/20;33;TOTAL;100;0;6.200.966.269;6.370.812.512;3.009.090.861;0;0;0;4.909.248.247;4.918.131.717;1.726.200.365;100;100;100;100;100;100
Maiz;2019/20;34;TOTAL;100;0;6.200.966.269;6.370.812.512;3.009.090.861;0;0;0;4.909.248.247;4.918.131.717;1.726.200.365;100;100;100;100;100;100
Maiz;2019/20;35;TOTAL;100;0;6.200.966.269;6.370.812.512;3.009.090.861;0;0;0;4.909.248.247;4.918.131.717;1.726.200.365;100;100;100;100;100;100
Maiz;2019/20;36;TOTAL;100;0;6.200.966.269;6.370.812.512;3.009.090.861;0;0;0;4.909.248.247;4.918.131.717;1.726.200.365;100;100;100;100;100;100
Maíz;2020/21;36;TOTAL;100;2.243.491.968;3.895.733.641;3.250.588.738;5.864.446.586;0.237409934;8.580.505.581;2.670.006.573;4.762.581.131;1.558.015.457;1.513.462.803;100;100;100;100;100;100
Maíz;2020/21;35;TOTAL;100;0;0;0;0;0;0;0;0;0;0;100;100;100;100;100;100
Maíz;2020/21;34;TOTAL;100;0.693837468;1.730.235.472;5.597.610.659;2.560.204.742;0.425653799;2.549.331.139;2.962.920.751;5.920.262.739;8.618.833.959;0;100;100;100;100;100;980.916.151
Maíz;2020/21;33;TOTAL;100;1.001.553.865;1.677.971.947;5.517.380.446;2.650.294.027;0.541981926;2.819.592.955;3.131.064.252;5.855.930.847;7.089.393.453;0.221062598;100;100;100;100;100;9.466.159.022
Maíz;2020/21;32;TOTAL;100;1.424.547.102;1.687.408.988;5.595.220.945;2.517.885.707;0.570296497;4.686.761.426;3.467.991.959;5.685.125.857;3.479.564.752;0.302495671;100;100;100;100;100;8.916.918.658
Maíz;2020/21;31;TOTAL;100;1.346.303.303;1.698.283.854;5.414.963.918;2.708.403.844;0.437180533;4.584.500.629;3.431.737.295;5.692.912.078;3.852.191.694;0.316813944;100;100;100;100;100;8.141.961.403
Maíz;2020/21;30;TOTAL;100;2.168.606.495;1.652.185.814;5.127.664.426;288.909.931;1.141.898.003;5.380.415.901;329.714.282;5.677.772.426;4.585.567.535;0.284864097;100;100;100;100;100;7.217.218.278
Maíz;2020/21;29;TOTAL;100;2.966.997.565;1.574.748.122;4.504.435.153;340.740.958;2.167.073.883;4.635.475.711;3.559.818.533;5.516.992.031;4.339.875.936;0.25654271;100;100;100;100;100;6.236.809.191
Maíz;2020/21;28;TOTAL;100;2.955.386.984;1.773.663.581;426.652.743;3.546.989.676;117.280.615;3.772.643.403;3.339.006.554;5.714.411.277;5.693.178.277;0;100;100;100;100;100;5.599.868.672
Maíz;2020/21;27;TOTAL;100;3.372.889.498;1.761.610.872;4.110.902.672;3.576.960.532;213.236.974;2.994.333.205;3.076.804.964;5.929.151.016;6.769.921.294;0.176185698;100;100;100;100;100;515.860.412
Maíz;2020/21;26;TOTAL;100;3.103.652.869;1.722.817.182;4.104.404.378;3.581.838.652;2.805.745.013;2.340.318.045;2.894.515.534;6.294.785.932;5.766.667.288;0;100;100;100;100;100;4.764.055.241
Maíz;2020/21;25;TOTAL;100;3.397.480.982;1.814.473.424;4.058.021.416;3.492.446.274;2.953.107.878;1.707.987.859;2.718.579.874;6.445.992.892;6.646.284.477;0;100;100;100;100;100;4.233.861.939
Maíz;2020/21;24;TOTAL;100;3.488.895.703;1.610.625.793;3.916.708.985;3.754.793.924;3.689.817.278;0.55137868;2.189.168.109;6.717.906.863;9.997.712.706;0.380158896;100;100;100;100;100;3.782.695.095
Maíz;2020/21;23;TOTAL;100;1.768.674.493;1.260.060.329;3.670.502.518;4.362.721.687;529.848.017;0.785116661;1.689.205.383;6.826.392.766;136.988.983;0.360003542;100;100;100;100;100;3.408.976.602
Maíz;2020/21;22;TOTAL;100;0.948004482;1.066.635.111;3.767.253.285;4.549.826.221;521.484.935;0.739934366;1.624.767.844;6.836.968.394;1.386.259.899;0.780104264;100;100;100;100;96;3.089.385.951
Maíz;2020/21;21;TOTAL;100;1.513.552.429;1.115.748.222;3.980.745.264;4.231.849.715;5.203.015.565;1.636.975.199;169.944.996;6.798.903.527;1.318.146.713;0.198022807;100;100;100;100;87;275.586.712
Maíz;2020/21;20;TOTAL;100;1.460.112.094;1.187.450.345;4.336.200.075;3.801.600.785;5.287.375.847;1.233.805.698;1.448.880.823;6.746.964.213;1.641.950.718;0.388236762;100;100;100;100;78;2.462.855.884
Maíz;2020/21;19;TOTAL;100;1.561.877.478;1.209.204.996;423.760.862;3.838.930.531;5.580.681.049;1.279.886.424;1.278.807.208;6.453.745.182;203.892.404;1.005.349.278;100;100;100;100;67;2.265.322.681
Maíz;2020/21;18;TOTAL;100;1.775.335.127;1.237.281.349;4.460.470.843;3.647.410.488;4.773.038.073;1.186.789.949;118.350.609;6.174.601;2.312.289.941;2.109.239.745;100;100;100;100;59;1.954.039.879
Maíz;2020/21;17;TOTAL;100;1.452.668.272;1.430.740.315;4.681.776.405;3.353.229.604;3.889.868.487;1.037.925.142;1.521.921.917;6.546.131.349;1.752.121.884;0.76032336;100;100;100;100;49;1.698.568.477
Maíz;2020/21;16;TOTAL;100;120.103.717;1.236.043.082;4.823.288.742;3.380.884.702;4.396.797.576;1.024.145.102;1.740.912.406;5.976.908.211;1.828.163.546;3.516.013.276;100;100;100;99;43;1.417.470.301
Maíz;2020/21;15;TOTAL;100;1.605.112.834;1.631.948.306;5.215.770.586;2.756.538.458;2.352.313.662;1.488.282.869;2.533.975.161;6.290.696.862;9.749.429.112;0.515567798;100;100;100;97;37;1.204.148.628
Maíz;2020/21;14;TOTAL;100;2.334.346.267;1.711.663.924;5.385.112.239;2.539.522.638;1.302.665.729;0.984373884;2.281.663.049;6.483.849.522;1.045.737.957;0.903120843;100;100;100;92;34;7.932.382.411
Maíz;2020/21;13;TOTAL;100;2.493.782.318;1.768.325.312;5.401.289.177;2.400.834.436;1.801.728.425;2.040.276.881;2.694.045.832;6.287.871.823;8.140.546.573;0;100;100;100;84;32;7.007.722.278
Maíz;2020/21;12;TOTAL;100;3.545.778.199;1.885.375.055;5.586.337.473;2.116.611.968;0.570976843;3.629.983.166;2.980.393.497;5.944.140.813;7.124.673.732;0;100;100;98;74;30;5.888.686.451
Maíz;2020/21;11;TOTAL;100;4.503.989.071;2.381.885.657;5.486.929.726;1.664.767.887;0.160178233;5.746.953.471;3.557.250.063;5.699.932.273;1.681.223.169;0;100;99;95;57;27;3.411.109.557
Maíz;2020/21;10;TOTAL;100;147.420.871;1.436.252.851;5.927.341.456;2.405.006.041;0.839787818;2.487.706.112;2.853.522.084;6.509.426.754;3.882.805.508;0;100;95;85;47;25;1.910.188.553
Maíz;2020/21;9;TOTAL;100;117.231.746;1.078.411.746;5.781.786.984;2.898.012.698;1.245.568.254;0.620952381;2.410.187.619;69.445;5.832.171.429;0;100;84;72;37;20;0
Maíz;2020/21;8;TOTAL;100;0.328273016;1.156.300.952;6.432.703.175;2.375.311.429;0.028571429;142.031.746;211.656.127;707.349.746;6.679.095.238;0;100;66;48;31;12;0
Maíz;2020/21;7;TOTAL;100;0.322704762;8.503.987.302;6.801.526.349;2.261.906.032;0.538984127;0.355238095;1.304.704.127;7.680.304.127;9.794.679.365;0;100;58;42;30;8;0
Maíz;2020/21;6;TOTAL;100;0.228126984;8.520.368.254;6.691.832.063;2.411.667.619;0.216507937;0.233650794;1.232.548.889;7.538.914.921;1.205.171.111;0;95;47;36;28;4;0
Maíz;2020/21;5;TOTAL;98;0.115206349;9.771.606.349;677.319.746;223.812.127;0;0.269206349;151.281.873;7.775.566.984;6.846.936.508;0;93;36;31;26;1;0
Maíz;2020/21;4;TOTAL;93;0.043146646;7.895.428.196;6.410.208.812;2.795.933.704;0;0;751.261.968;8.145.554.182;110.318.385;0;86;33;31;22;0;0
Maíz;2020/21;3;TOTAL;91;0.434876626;1.570.951.704;6.514.577.185;1.870.983.449;0;0.174508015;2.013.586.809;7.292.732.518;6.762.298.712;0;75;31;29;17;0;0
Maíz;2020/21;2;TOTAL;85;0.057531811;2.282.865.832;6.467.019.958;1.244.361.029;0;0.226451993;2.991.407.078;6.415.908.137;5.700.395.859;0;57;29;26;8;0;0
Maíz;2020/21;1;TOTAL;75;0;1.784.615.816;6.512.148.249;1.703.235.935;0;0;257.886.944;610.746.535;1.313.665.211;0;43;23;16;2;0;0
Maíz;2020/21;52;TOTAL;61;0;1.515.779.364;6.306.466.432;2.177.754.205;0;0.024135991;2.026.807.664;6.280.644.741;1.690.133.996;0;38;18;10;0;0;0
Maíz;2020/21;51;TOTAL;55;0;1.293.852.786;6.316.718.231;2.389.428.983;0;0.103129641;189.655.822;6.287.076.939;1.806.051.877;0;34;14;5;0;0;0
Maíz;2020/21;50;TOTAL;47;0;1.360.769.117;6.211.485.554;2.414.384.536;0.133607934;0.181363652;1.913.606.732;6.183.440.046;1.884.816.856;0;32;7;1;0;0;0
Maíz;2020/21;49;TOTAL;35;0.081723702;8.139.362.884;5.788.811.426;3.368.104.165;0.209757501;0.180754668;1.226.604.661;6.139.239.027;2.616.080.845;0;31;2;0;0;0;0
Maíz;2020/21;48;TOTAL;32;0.406625605;1.147.936.973;531.543.483;3.486.696.964;0.092686719;1.001.793.936;184.058.881;5.573.524.487;2.485.707.309;0;30;0;0;0;0;0
Maíz;2020/21;47;TOTAL;31;0.090993651;9.574.159.825;5.548.070.935;3.445.416.953;0.399967647;0.064160634;1.276.038.339;5.259.480.527;3.455.380.758;0.026843127;30;0;0;0;0;0
Maíz;2020/21;46;TOTAL;31;0;9.214.742.251;5.550.534.188;3.507.834.693;0.201568936;0;1.320.726.443;4.926.219.146;3.725.689.135;0.273652759;27;0;0;0;0;0
Maíz;2020/21;45;TOTAL;31;0;8.271.588.369;5.416.652.767;3.756.188.396;0;0;8.536.222.475;4.331.094.796;4.781.634.586;0.336483709;24;0;0;0;0;0
Maíz;2020/21;44;TOTAL;30;0;8.644.727.201;5.461.510.984;3.674.016.296;0;0;6.981.380.106;4.214.842.881;5.087.019.108;0;20;0;0;0;0;0
Maíz;2020/21;43;TOTAL;28;0;8.644.176.134;5.669.927.085;3.465.655.302;0;0;1.410.088.682;4.841.800.058;3.612.200.504;1.359.107.553;15;0;0;0;0;0
Maíz;2020/21;42;TOTAL;23;0;9.637.219.268;5.865.505.261;3.170.772.812;0;0.18730467;2.422.032.181;4.639.771.305;2.919.466.047;0;10;0;0;0;0;0
Maíz;2020/21;41;TOTAL;21;0;1.099.516.602;5.725.447.015;3.175.036.383;0;0.187685522;2.013.007.337;4.270.612.711;36.976.114;0;5;0;0;0;0;0
Maíz;2020/21;40;TOTAL;15;0;4.230.007.552;5.260.613.336;4.316.385.909;0;0.008347707;1.370.314.979;446.397.336;4.164.876.891;0;2;0;0;0;0;0
Maíz;2020/21;39;TOTAL;11;0;4.441.843.308;4.766.365.086;4.789.436.201;0;0;1.773.655.077;4.983.091.652;3.167.189.435;0;0;0;0;0;0;0
Maíz;2020/21;38;TOTAL;6;0;0;4.938.403.971;5.061.596.029;0;0;1.086.474.784;5.020.141.751;3.893.383.465;0;0;0;0;0;0;0
Maíz;2020/21;37;TOTAL;1;0;0;4.872.875.596;5.127.124.404;0;0;1.341.652.726;5.041.867.319;3.616.479.955;0;0;0;0;0;0;0
